日付,始値,高値,安値,終値,5日平均,25日平均,75日平均,VWAP,出来高,5日平均,25日平均
20161230,       1163,       1179,     1156.5,     1175.5,     1189.3,    1133.44,    1055.01,  1170.0846,        9302500,        8789140,       14758472
20161229,       1188,     1191.5,       1175,     1180.5,     1196.6,    1128.48,    1053.26,  1182.6318,       10789300,        9569020,       15163628
20161228,       1205,     1206.5,     1192.5,     1197.5,     1200.8,    1122.26,    1051.46,  1198.6353,        6982800,       12437880,       15264112
20161227,       1188,     1201.5,     1186.5,     1198.5,     1195.1,    1115.94,    1049.56,  1195.9093,        7219500,       12833600,       15576256
20161226,     1206.5,       1209,       1193,     1194.5,     1189.2,    1109.54,    1047.44,  1198.7743,        9651600,       13474320,       15851236
20161222,     1203.5,       1216,     1202.5,       1212,     1183.8,     1102.6,    1045.29,  1211.3171,       13201900,       14851440,       16011744
20161221,     1186.5,       1220,     1182.5,     1201.5,     1172.6,    1095.34,    1042.88,  1203.3467,       25133600,       15792440,       16233880
20161220,       1170,       1170,       1160,       1169,     1160.3,    1087.28,     1040.4,  1166.1024,        8961400,       13895120,       15962908
20161219,     1171.5,       1173,       1162,       1169,     1153.5,    1080.33,    1038.18,  1168.7492,       10423100,       14836680,       16484232
20161216,       1175,     1179.5,     1166.5,     1167.5,     1145.9,    1072.18,    1035.94,  1169.9876,       16537200,       16862620,       17551008
20161215,       1150,     1169.5,       1150,       1156,     1135.4,    1064.81,    1033.36,  1159.5111,       17906900,       17274160,       18490676
20161214,     1139.5,     1149.5,       1137,       1140,       1126,     1057.5,    1031.05,  1142.1424,       15647000,       16997440,       19115256
20161213,     1132.5,       1138,     1127.5,       1135,     1116.9,    1053.32,    1028.81,  1133.7633,       13669200,       16562420,       18911936
20161212,       1130,     1145.5,       1125,       1131,     1105.9,    1049.08,     1026.3,  1134.8447,       20552800,       16879960,       18834164
20161209,       1111,     1119.5,       1110,       1115,     1092.9,     1044.3,    1024.03,  1114.3667,       18594900,       15698520,       18676144
20161208,     1104.5,     1109.5,     1100.5,       1109,     1084.7,     1041.4,    1022.07,  1106.2755,       16523300,       14791520,       18442024
20161207,       1091,       1095,       1087,     1094.5,     1078.1,    1039.76,     1020.1,  1092.1635,       13471900,       15073100,       18226092
20161206,       1080,     1085.5,       1074,       1080,     1070.5,    1038.72,    1018.66,  1080.4307,       15256900,       16452280,       18310576
20161205,       1066,       1068,       1058,       1066,     1069.2,    1037.58,    1017.34,  1063.4535,       14645600,       15989560,       18946868
20161202,       1085,       1086,     1071.5,       1074,     1071.4,    1036.32,    1016.43,  1077.6894,       14059900,       15698840,       18769144
20161201,       1090,       1090,     1073.5,       1076,       1074,     1034.8,     1015.5,  1081.9865,       17931200,       18086100,       18655936
20161130,     1075.5,       1077,       1055,     1056.5,     1069.1,       1033,    1014.64,  1061.9309,       20367800,       18386140,       18519712
20161129,       1070,       1077,       1066,     1073.5,     1062.8,    1031.46,    1014.05,  1072.0583,       12943300,       16972860,       18098492
20161128,       1087,       1088,     1067.5,       1077,       1056,    1029.24,    1012.99,  1076.9492,       13192000,       17341480,       18069340
20161125,       1060,     1104.5,     1059.5,       1087,     1048.3,    1026.64,    1011.55,  1086.7196,       25996200,       17521880,       18012580
20161124,       1040,     1054.5,     1039.5,     1051.5,     1035.1,    1023.34,    1010.14,  1049.5302,       19431400,       15055500,       17588672
20161122,     1034.5,       1037,     1024.5,       1025,     1030.9,    1021.25,    1009.06,  1029.0162,       13301400,       14920280,       17443940
20161121,       1044,       1044,     1033.5,     1039.5,     1025.9,     1020.1,    1008.73,  1039.7129,       14786400,       15931860,       17379544
20161118,       1045,       1045,       1037,     1038.5,    1017.06,    1018.28,    1008.48,  1040.5831,       14094000,       17373480,       17393664
20161117,       1021,       1025,     1015.5,       1021,     1002.4,    1016.18,    1008.12,  1019.4537,       13664300,       21973180,       17730820
20161116,       1016,     1032.5,       1013,     1030.5,     994.86,    1014.56,    1008.16,  1025.1572,       18755300,       27246100,       17888820
20161115,       1001,       1007,        995,       1000,     983.42,    1013.04,    1008.38,   998.7553,       18359300,       30199320,       17952600
20161114,        970,       1001,      966.2,      995.3,     990.52,    1013.56,    1008.34,   990.0466,       21994500,       28640260,       17567304
20161111,      986.5,      996.8,        963,      965.2,     997.26,    1014.38,    1008.68,   975.8849,       37092500,       26586340,       17184452
20161110,       1020,       1020,      977.8,      983.3,    1006.52,    1016.24,    1009.41,   990.9068,       40028900,       22488300,       16298412
20161109,       1050,     1059.5,      957.2,      973.3,    1018.36,    1016.45,    1010.38,   997.2022,       33521400,       17030900,       15292712
20161108,       1044,     1045.5,     1031.5,     1035.5,     1037.3,    1016.84,    1011.36,  1037.8483,       10564000,       12551620,       14425996
20161107,       1031,     1043.5,       1027,       1029,     1043.9,    1014.73,    1011.46,  1033.5616,       11724900,       13555620,       14579856
20161104,       1021,       1030,     1007.5,     1011.5,     1048.4,    1013.71,    1011.65,  1014.2922,       16602300,       17443480,       14572652
20161102,       1046,     1054.5,       1036,     1042.5,       1053,    1013.31,    1011.63,   1043.941,       12741900,       16163520,       14408128
20161101,     1069.5,     1069.5,       1060,       1068,     1051.7,    1012.73,    1011.21,  1065.7744,       11125000,       15861080,       14566636
20161031,     1051.5,       1069,       1049,     1068.5,     1044.3,    1010.83,    1010.31,  1059.9241,       15584000,       16541200,       14620380
20161028,       1040,       1059,     1039.5,     1051.5,     1034.2,    1009.43,    1008.96,  1052.3661,       31164200,       15391860,       14562408
20161027,       1036,       1039,       1029,     1034.5,     1027.5,    1008.31,    1007.19,  1034.9913,       10202500,       11601920,       14166844
20161026,       1027,       1037,       1026,       1036,       1023,    1007.29,    1005.74,  1033.1851,       11229700,       11916020,       14218264
20161025,     1021.5,     1032.5,     1021.5,       1031,     1016.7,    1005.97,    1004.25,  1028.7665,       14525600,       12749780,       14260452
20161024,       1016,     1023.5,     1011.5,       1018,    1010.36,    1004.72,    1003.09,  1017.9945,        9837300,       13007280,       14401164
20161021,       1021,     1027.5,       1015,       1018,       1006,    1004.98,    1002.08,  1021.9269,       12214500,       13378120,       14415856
20161020,     1004.5,     1014.5,       1003,       1012,     1001.2,     1005.7,    1000.78,  1009.8085,       11773000,       13963100,       14325316
20161019,       1001,       1005,      995.4,     1004.5,        996,    1006.48,     999.53,  1000.6493,       15398500,       16113080,       14459972
20161018,        995,       1001,      986.6,      999.3,      991.2,    1008.26,     998.54,   994.3635,       15813100,       16556240,       14461620
20161017,        993,     1004.5,      991.4,      996.2,     989.82,    1010.06,     997.34,   997.1992,       11691500,       17463580,       14341672
20161014,        985,      995.1,        985,        994,     993.18,    1012.02,     996.32,   990.9529,       15139400,       16870660,       14452912
20161013,      989.5,     1014.5,      983.4,        986,     997.58,    1014.46,     995.65,   995.4131,       22522900,       16327420,       14254664
20161012,        987,      988.9,      980.5,      980.5,    1002.68,     1016.6,      996.2,   984.4095,       17614300,       14811140,       13784916
20161011,      995.1,     1002.5,        992,      992.4,    1004.32,    1018.72,     996.55,   995.3115,       20349800,       14265560,       13520340
20161007,       1018,     1018.5,     1007.5,       1013,    1002.44,    1020.28,     996.85,  1012.1151,        8726900,       12566300,       13257344
20161006,       1019,       1021,     1013.5,       1016,     996.38,    1020.36,     996.82,  1017.3992,       12423200,       13703020,       13576664
20161005,        998,       1014,      996.9,     1011.5,     993.88,    1019.84,      996.4,  1006.3488,       14941500,       13527340,       13537768
20161004,      990.3,        997,        985,      988.7,     991.88,    1019.42,     995.88,     989.87,       14886400,       13036880,       13554508
20161003,      986.1,      990.9,      981.4,        983,     999.74,    1018.83,     996.25,   985.7133,       11853500,       13400520,       13515036
20160930,        990,      990.6,        976,      982.7,    1007.24,    1018.81,     996.53,   982.6717,       14410500,       13523540,       13651128
20160929,       1007,       1008,       1000,     1003.5,     1017.4,    1018.39,     996.88,  1004.3532,       11544800,       13468380,       13644524
20160928,       1007,     1009.5,      997.9,     1001.5,     1021.4,    1016.11,     997.54,  1002.0889,       12489200,       15414440,       14116820
20160927,       1008,       1028,       1001,       1028,     1022.9,    1014.48,      998.2,  1015.6124,       16704600,       15214200,       14361228
20160926,       1031,     1031.5,     1017.5,     1020.5,     1017.9,    1012.09,     998.86,   1023.719,       12468600,       14330160,       14433564
20160923,     1015.5,       1037,       1008,     1033.5,    1013.74,    1009.72,     999.42,  1027.6527,       14134700,       15445120,       14567064
20160921,       1004,     1023.5,        995,     1023.5,    1011.94,    1007.83,     999.84,  1008.1928,       21275100,       14659100,       14922652
20160920,       1005,       1020,       1002,       1009,    1014.44,    1006.12,    1000.56,  1010.9599,       11488000,       12394280,       14790192
20160916,      995.1,       1007,      995.1,       1003,    1018.94,    1005.68,    1001.51,  1001.5155,       12284400,       13124560,       15145452
20160915,       1009,       1009,      994.3,      999.7,    1028.14,    1005.72,    1002.93,   1000.925,       18043400,       13755620,       15203300
20160914,       1033,       1033,     1024.5,     1024.5,     1037.1,    1006.19,     1004.6,  1027.6147,       10204600,       12709820,       14900068
20160913,       1032,     1044.5,     1030.5,       1036,     1041.2,    1005.71,    1005.68,  1036.7286,        9951000,       13563400,       14974132
20160912,     1033.5,     1036.5,       1025,     1031.5,       1045,    1004.03,    1006.06,  1030.5548,       15139400,       13609840,       15285444
20160909,     1044.5,       1056,     1043.5,       1049,     1046.6,    1001.52,    1006.51,  1049.4891,       15439700,       12737800,       15355704
20160908,     1040.5,     1048.5,     1038.5,     1044.5,     1043.5,     998.83,    1006.64,  1042.9476,       12814400,       11849840,       15482140
20160907,     1035.5,     1049.5,       1033,       1045,     1040.9,     995.86,    1006.62,  1042.0316,       14472500,       12041940,       15794688
20160906,       1041,       1058,     1040.5,       1055,     1034.9,     994.08,    1006.69,  1052.4454,       10183200,       12489420,       15631208
20160905,       1050,     1053.5,     1039.5,     1039.5,     1024.5,      992.7,    1006.56,  1046.7191,       10779200,       12742940,       15759544
20160902,     1026.5,       1036,     1021.5,     1033.5,     1016.8,      991.6,    1006.52,  1030.0779,       10999900,       13659100,       16395552
20160901,       1028,     1034.5,     1023.5,     1031.5,     1004.9,     991.22,    1006.54,   1030.759,       13774900,       14239040,       16868880
20160831,       1012,     1023.5,       1006,       1015,      995.1,     991.82,    1006.78,  1016.7138,       16709900,       14535220,       16992928
20160830,        995,     1005.5,      988.2,       1003,     986.54,     991.11,    1007.04,    998.604,       11450800,       14042320,       16936972
20160829,       1000,       1005,      996.4,       1001,     975.24,     991.83,    1007.38,  1000.9094,       15360000,       16422600,       16987640
20160826,        980,      984.9,        972,        974,     967.16,     992.57,     1007.2,   977.6012,       13899600,       17070480,       17022252
20160825,        976,        993,      969.1,      982.5,     966.04,     995.85,    1007.58,   981.9406,       15255800,       17993160,       16936852
20160824,      961.5,      973.8,      955.3,      972.2,     961.76,     998.43,    1007.87,   969.0357,       14245400,       18103220,       16741604
20160823,      957.9,        958,        944,      946.5,      964.6,    1001.26,    1007.86,   949.0297,       23352200,       19859020,       16642204
20160822,        962,        967,      958.1,      960.6,     971.44,    1005.12,     1008.2,   961.6843,       18599400,       18781300,       16489884
20160819,      968.8,        973,      958.4,      968.4,     978.92,     1007.1,    1008.07,   966.4874,       18513000,       19135320,       16318256
20160818,      977.5,      979.9,        961,      961.1,     986.04,    1008.82,    1008.49,   968.7093,       15806100,       18178840,       16229124
20160817,      977.4,      989.7,        961,      986.4,     996.12,     1010.4,    1009.61,   975.0764,       23024400,       17110140,       16161184
20160816,       1004,     1011.5,      980.7,      980.7,    1001.34,    1009.62,    1010.45,   993.4947,       17963600,       14916500,       15921392
20160815,     1000.5,     1012.5,        998,        998,       1004,    1007.15,    1011.51,  1002.3304,       20369500,       14870540,       15926668
20160812,       1015,     1019.5,     1001.5,       1004,     998.16,    1004.26,    1012.41,  1007.3754,       13730600,       14175820,       15632720
20160810,       1014,       1022,     1008.5,     1011.5,     993.68,    1001.08,       1013,  1013.2072,       10462600,       15149820,       15853000
20160809,      994.5,     1013.5,      992.3,     1012.5,     985.44,     998.36,    1013.06,  1003.5434,       12056200,       17182920,       15961692
20160808,        985,      997.1,      977.6,        994,     983.04,     995.54,    1013.24,   990.7197,       17733800,       16848780,       16072240
20160805,      981.6,      984.8,      967.2,      968.8,     988.34,     992.63,     1013.2,   975.2242,       16895900,       15980340,       15927308
20160804,      970.3,      986.9,      959.2,      981.6,     996.98,     990.59,    1013.87,   975.4924,       18600600,       17937040,       15931260
20160803,        985,      995.5,      965.6,      970.3,    1005.46,     988.53,    1014.68,   977.6796,       20628100,       18783540,       15791472
20160802,       1015,       1021,     1000.5,     1000.5,     1020.7,      986.1,    1015.29,  1009.2083,       10385500,       18033140,       15638380
20160801,      986.1,     1023.5,        982,     1020.5,    1020.04,     982.87,    1015.06,  1010.5807,       13391600,       19018240,       16072844
20160729,       1010,       1022,      985.1,       1012,    1020.14,      979.8,    1014.15,  1005.6737,       26679400,       18883420,       16637028
20160728,       1018,       1046,     1013.5,       1024,    1021.64,      980.4,    1013.57,  1029.7655,       22833100,       16792600,       15826348
20160727,     1007.5,       1050,     1006.5,     1046.5,    1028.04,     979.72,    1012.53,  1035.2296,       16876100,       14578900,       15173032
20160726,       1012,     1013.5,      995.6,      997.2,    1028.14,     978.46,    1011.22,  1000.3469,       15311000,       13278600,       14833776
20160725,     1019.5,       1031,     1012.5,       1021,     1037.3,        979,    1010.45,  1023.9539,       12717500,       12568480,       14567472
20160722,     1020.5,       1033,       1013,     1019.5,     1041.7,     977.52,    1009.76,  1021.3533,       16225300,       13933820,       14732776
20160721,     1057.5,     1068.5,       1048,       1056,     1039.8,     975.64,    1009.46,  1057.2468,       11764600,       13550500,       14919376
20160720,       1043,       1049,     1034.5,       1047,     1030.9,     974.06,    1009.27,  1044.0205,       10374600,       14454520,       14953336
20160719,       1041,     1048.5,     1024.5,       1043,     1021.6,     972.34,    1009.18,  1037.5893,       11760400,       15201120,       15030344
20160715,     1025.5,       1055,       1018,       1043,     1006.4,     970.98,    1009.67,  1038.8627,       19544200,       16254960,       15039972
20160714,     1010.5,     1022.5,     1003.5,       1010,     981.58,     971.38,     1010.4,  1010.6331,       14308700,       15965220,       14809224
20160713,       1030,       1035,       1007,     1011.5,     964.72,     973.02,    1011.44,  1021.9887,       16284700,       15707640,       14742568
20160712,        993,       1018,        992,     1000.5,     947.32,     975.68,    1012.09,   1003.767,       14107600,       16298220,       14489144
20160711,        940,        979,      938.9,        967,     935.92,     978.16,    1013.02,   962.2776,       17029600,       16112680,       14316172
20160708,      925.7,      939.6,      918.9,      918.9,     930.94,     982.06,    1014.56,   925.5686,       18095500,       15670740,       14068336
20160707,      923.9,      939.4,      920.7,      925.7,      931.4,     988.43,    1016.45,   929.4098,       13020800,       14873740,       13745136
20160706,      926.6,      932.9,      904.4,      924.5,     929.84,      994.6,    1018.51,   916.2355,       19237600,       15668520,       13786548
20160705,        946,      951.6,      935.9,      943.5,     930.96,       1002,    1020.59,    941.696,       13179900,       14842180,       13516740
20160704,      929.2,      947.7,      921.8,      942.1,     924.14,    1009.26,     1022.6,   938.7756,       14819900,       15566360,       13733144
20160701,      924.3,      934.9,      916.7,      921.2,      919.7,    1015.78,    1024.87,   922.7002,       14110500,       16851800,       13888028
20160630,      943.9,        949,      917.9,      917.9,     924.22,    1021.51,    1027.21,   928.0812,       16994700,       19528940,       13666948
20160629,      927.5,      934.2,      906.9,      930.1,     946.04,    1027.41,    1029.64,   923.4487,       15105900,       17412480,       13389940
20160628,      895.6,      919.9,      893.1,      909.4,     961.42,    1032.55,     1031.6,   906.2324,       16800800,       15691340,       13317500
20160627,      948.2,      949.8,        906,      919.9,     982.54,    1037.89,    1034.02,   922.2739,       21247100,       14010120,       13059460
20160624,     1046.5,     1046.5,      925.1,      943.8,    1000.66,    1043.12,    1036.69,   966.9753,       27496200,       11491380,       12677176
20160623,     1012.5,       1029,       1006,       1027,    1008.74,    1047.18,    1038.73,   1018.874,        6412400,        9362160,       12022664
20160622,       1013,     1015.5,       1002,       1007,     997.84,    1047.54,    1039.52,  1009.1784,        6500200,       12257740,       12155900
20160621,     1000.5,       1018,      992.9,       1015,     999.74,    1048.66,     1040.1,  1007.4522,        8394700,       13480420,       12543204
20160620,       1001,     1017.5,       1001,     1010.5,     997.54,    1050.06,    1040.06,  1010.2753,        8653400,       14261440,       12749232
20160617,      977.6,      985.8,      968.6,      984.2,     997.24,       1051,    1040.24,   980.5015,       16850100,       14930980,       13373112
20160616,       1005,     1008.5,      967.4,      972.5,       1011,    1052.78,    1040.07,   981.4983,       20890300,       14316060,       14000028
20160615,     1003.5,     1024.5,      996.1,     1016.5,     1026.7,     1053.4,    1040.02,   1014.328,       12613600,       12666460,       14028464
20160614,       1008,       1016,      991.1,       1004,       1039,    1052.84,    1039.37,  1000.9035,       12299800,       12133560,       13969344
20160613,       1021,       1030,       1009,       1009,     1050.7,    1052.84,    1038.94,  1017.3754,       12001100,       11630260,       13989240
20160610,       1045,     1053.5,       1034,       1053,     1061.8,    1051.34,    1038.55,   1046.746,       13775500,       11396780,       13999032
20160609,       1065,     1068.5,       1045,       1051,     1066.8,    1048.11,    1037.38,  1054.7608,       12642300,       10644780,       14214028
20160608,     1068.5,     1081.5,       1060,       1078,     1072.6,    1044.09,    1036.57,  1073.3212,        9949100,       10927540,       14521240
20160607,     1067.5,     1072.5,       1053,     1062.5,     1078.9,    1040.97,    1035.26,   1063.149,        9783300,       11436200,       14854200
20160606,       1044,       1071,       1042,     1064.5,     1091.4,    1040.27,    1034.36,   1056.329,       10833700,       13197540,       14991844
20160603,       1080,     1089.5,     1070.5,       1078,     1099.5,    1039.67,    1033.37,  1077.4764,       10015500,       14769200,       15072288
20160602,       1098,       1103,       1077,       1080,     1096.8,    1038.95,    1031.37,  1088.5791,       14056100,       14482800,       15219660
20160601,       1120,       1128,       1105,     1109.5,     1093.9,    1038.39,    1030.11,  1116.9286,       12492400,       13685480,       15278484
20160531,       1099,       1125,     1096.5,       1125,     1083.7,    1035.93,     1028.7,  1114.9249,       18590000,       13845980,       15644156
20160530,       1093,       1108,     1085.5,       1105,     1067.3,    1031.57,    1028.12,  1101.1496,       18692000,       12197940,       15553284
20160527,       1068,     1071.5,     1063.5,     1064.5,     1056.4,    1028.41,     1027.7,  1066.8746,        8583500,       10797540,       15355376
20160526,       1068,       1076,     1064.5,     1065.5,     1052.6,    1025.45,     1028.3,  1068.8908,       10069500,       11307520,       15799784
20160525,       1057,     1065.5,     1052.5,     1058.5,     1046.7,    1023.61,    1029.08,  1058.0422,       13294900,       11242280,       16000248
20160524,       1044,       1047,       1036,       1043,       1042,    1022.95,    1030.72,  1043.3148,       10349800,       11819860,       16084192
20160523,     1045.5,       1053,       1032,     1050.5,     1043.4,    1021.89,    1032.97,  1045.5991,       11690000,       12458980,       16386260
20160520,       1030,       1050,       1027,     1045.5,     1040.1,     1019.2,     1034.7,  1042.5752,       11133400,       14971060,       16711688
20160519,       1048,     1051.5,     1028.5,       1036,     1036.7,    1015.46,    1035.44,  1037.3248,        9743300,       19248980,       16943124
20160518,       1049,     1051.5,     1026.5,       1035,    1027.12,    1012.76,    1036.34,  1037.6974,       16182800,       21620560,       17458788
20160517,       1034,     1051.5,     1032.5,       1050,    1020.62,     1009.2,    1036.81,  1043.2226,       13545400,       20611120,       17480324
20160516,       1028,       1043,      999.2,       1034,    1011.42,    1005.13,    1037.53,  1030.8112,       24250400,       20461480,       17641920
20160513,       1068,       1068,       1026,     1028.5,      998.9,    1001.34,    1038.45,  1043.3213,       32523000,       18060580,       17687300
20160512,      979.9,        994,      974.2,      988.1,     987.66,     998.98,    1038.55,   985.9793,       21601200,       15386060,       17275364
20160511,       1014,     1024.5,      999.7,     1002.5,     980.14,     999.35,    1039.56,  1010.3364,       11135600,       15130340,       17258032
20160510,      981.4,       1006,      973.5,       1004,     979.64,    1000.91,    1041.05,   994.5296,       12797200,       16557840,       17352400
20160509,      972.3,      981.5,      967.5,      971.4,     987.84,    1002.35,    1042.32,   973.6225,       12245900,       16643280,       17363292
20160506,        957,      982.1,      956.9,      972.3,    1003.46,    1006.69,    1044.12,   971.7427,       19150400,       16763060,       17262524
20160502,      949.3,      960.2,        943,      950.5,       1021,    1011.72,    1046.19,   949.5711,       20322600,       15672940,       16980140
20160428,       1055,     1064.5,      990.9,       1000,     1044.1,    1017.22,    1048.92,  1017.9601,       18273100,       14713760,       16559364
20160427,       1054,     1062.5,     1034.5,       1045,     1053.7,    1019.62,    1050.53,  1044.0893,       13224400,       15385980,       16228124
20160426,       1060,     1068.5,       1039,     1049.5,     1047.9,    1020.64,    1051.82,  1050.2916,       12844800,       16004740,       16177172
20160425,       1074,     1079.5,       1050,       1060,     1043.2,    1021.94,    1053.17,  1061.6607,       13699800,       16184640,       16368924
20160422,     1033.5,     1071.5,     1031.5,       1066,    1029.32,    1021.98,    1054.97,  1053.8027,       15526700,       17383420,       16664788
20160421,       1046,     1054.5,     1027.5,       1048,    1020.02,    1022.54,    1057.09,  1043.2728,       21634200,       17294300,       16572928
20160420,     1037.5,       1041,     1000.5,       1016,    1018.82,    1023.84,    1059.59,  1026.6886,       16318200,       16046160,       16161336
20160419,       1015,       1032,     1009.5,       1026,    1018.92,    1026.96,     1063.1,  1021.9721,       13744300,       16362820,       16062228
20160418,        960,      996.4,      959.3,      990.6,    1010.36,    1030.44,    1066.41,   981.6561,       19693700,       17579100,       16070088
20160415,     1016.5,       1030,     1002.5,     1019.5,    1002.64,    1034.68,    1070.12,  1021.5301,       15081100,       17024220,       16020996
20160414,       1030,     1042.5,     1024.5,       1042,     992.42,     1037.9,    1073.24,  1035.9465,       15393500,       18534980,       15934868
20160413,      998.2,       1020,      997.7,     1016.5,     973.26,     1039.3,    1076.15,  1010.7331,       17901500,       18800520,       15937772
20160412,      959.1,      987.5,        957,      983.2,      959.6,    1042.28,    1079.41,   978.2383,       19825700,       18737280,       16040232
20160411,      953.4,        957,      933.5,        952,     950.82,    1047.77,    1082.97,   946.6534,       16919300,       19849120,       16097400
20160408,      931.2,      984.6,        922,      968.4,     954.32,    1053.55,    1087.04,   956.0805,       22634900,       20910180,       16313948
20160407,      940.2,      956.5,        932,      946.2,     960.08,    1058.27,    1091.16,   945.0733,       16721200,       20616780,       16304596
20160406,      938.2,      961.4,      937.5,      948.2,     979.14,    1062.44,    1095.52,    946.087,       17585300,       19971500,       16365552
20160405,      966.8,      970.3,      936.8,      939.3,      997.5,    1064.98,    1099.11,   948.8994,       25384900,       19068340,       16626896
20160404,      985.7,      992.6,      962.1,      969.5,    1025.64,    1068.38,    1103.44,   971.6774,       22224600,       15936700,       17434844
20160401,     1036.5,     1038.5,      993.1,      997.2,    1051.34,    1068.46,    1107.36,  1003.0075,       21167900,       13909940,       16902940
20160331,       1051,     1056.5,     1038.5,     1041.5,     1069.5,    1067.32,    1110.69,  1047.2762,       13494800,       11637000,       16631268
20160330,     1065.5,     1067.5,       1039,       1040,     1073.2,    1064.36,    1113.61,  1052.3938,       13069500,       10936460,       16646768
20160329,       1075,     1086.5,       1067,       1080,     1079.3,    1061.64,    1116.49,  1077.7638,        9726700,       10712680,       16697800
20160328,       1096,       1100,     1085.5,       1098,     1079.7,    1057.61,    1118.98,  1093.8789,       12090800,       12295060,       16887912
20160325,     1066.5,     1090.5,       1058,       1088,     1072.3,    1052.31,    1121.17,  1080.0036,        9803200,       14096180,       17124372
20160324,     1060.5,     1070.5,       1049,       1060,     1070.7,    1048.42,    1123.93,  1060.4458,        9992100,       14781580,       17492928
20160323,       1078,       1092,     1067.5,     1070.5,     1074.8,     1045.2,    1126.93,  1073.9611,       11950600,       15052040,       17831804
20160322,     1082.5,       1101,     1073.5,       1082,     1079.5,    1042.18,    1129.85,  1086.8623,       17638600,       15430020,       18139904
20160318,       1069,     1084.5,       1042,       1061,     1085.7,    1038.52,    1132.95,  1057.6868,       21096400,       14690460,       18528864
20160317,     1080.5,       1102,     1068.5,       1080,     1092.8,     1033.2,    1136.27,  1085.2288,       13230200,       14164460,       18959996
20160316,     1081.5,       1095,     1078.5,     1080.5,     1096.8,    1029.41,    1139.21,  1083.6385,       11344400,       14104000,       19308628
20160315,     1107.5,       1113,     1086.5,       1094,     1096.1,    1026.33,    1141.91,  1099.2148,       13840500,       14928340,       19598124
20160314,     1110.5,       1120,       1106,       1113,     1095.5,    1025.83,    1144.56,  1113.7497,       13940800,       16252840,       19385596
20160311,     1085.5,       1101,       1076,     1096.5,       1097,    1024.25,    1147.11,  1088.6175,       18466400,       17715660,       19408532
20160310,       1083,       1102,     1082.5,       1100,       1097,    1024.79,    1149.95,  1093.7411,       12927900,       18488980,       19128632
20160309,       1062,     1083.5,     1051.5,       1077,     1094.3,    1025.75,     1152.4,  1069.2723,       15466100,       20383620,       19191400
20160308,       1119,       1125,     1082.5,       1091,       1089,    1029.91,    1154.97,  1097.3161,       20463000,       20939420,       19068044
20160307,       1100,       1122,     1094.5,     1120.5,     1073.1,    1034.75,    1157.17,  1110.2348,       21254900,       21670600,       18927580
20160304,       1087,       1102,     1068.5,     1096.5,     1053.9,    1037.13,    1159.21,  1087.6686,       22333000,       26536340,       19132836
20160303,       1053,       1102,     1048.5,     1086.5,     1028.9,    1037.33,    1161.67,  1077.2901,       22401100,       23855140,       18542060
20160302,       1046,       1055,       1035,     1050.5,    1005.34,    1037.99,    1164.27,  1048.4894,       18245100,       22250140,       18057948
20160301,       1020,     1027.5,      993.5,     1011.5,     988.74,    1038.79,    1167.38,  1007.6708,       24118900,       21377580,       17692940
20160229,     1091.5,     1091.5,     1024.5,     1024.5,     980.84,    1042.49,    1171.03,   1055.482,       45583600,       19422860,       17126080
20160226,      977.2,        990,      970.5,      971.5,     971.78,    1045.63,    1174.16,   978.0924,        8927000,       13202040,       15799684
20160225,      960.7,      976.5,      952.1,      968.7,     970.58,    1048.21,    1178.27,   962.8415,       14376100,       15017100,       15969228
20160224,        956,      969.6,      947.5,      967.5,     974.96,       1052,    1182.32,   961.5861,       13882300,       15945300,       16056448
20160223,        982,      988.7,      965.8,        972,      977.4,    1057.88,    1185.96,   976.9172,       14345300,       16861640,       15953080
20160222,      959.3,      980.6,      952.4,      979.2,        982,    1062.98,    1189.88,   972.5658,       14479500,       17923200,       15949480
20160219,      973.7,        974,      952.2,      965.5,     984.22,    1068.05,    1193.55,    962.061,       18002300,       20499820,       16140420
20160218,       1007,       1008,      978.4,      990.6,     976.72,    1074.53,    1197.51,   991.1606,       19017100,       23274300,       16135204
20160217,        988,       1006,        966,      979.7,     975.66,    1081.13,    1200.88,   981.4187,       18464000,       23860080,       15876816
20160216,      999.5,       1010,        977,        995,     980.42,    1086.78,    1204.41,   998.3064,       19653100,       23883640,       15666628
20160215,        988,     1005.5,      964.7,      990.3,     997.72,    1092.64,    1207.68,   985.6843,       27362600,       21658480,       15543288
20160212,      955.3,      983.7,      923.3,        928,    1014.36,    1099.05,    1210.65,   949.4014,       31874700,       19088800,       15109188
20160210,      993.3,       1010,      973.1,      985.3,    1050.76,    1109.73,    1214.49,   991.4115,       21946000,       15007640,       14365944
20160209,       1030,     1039.5,      995.2,     1003.5,     1078.5,    1119.32,    1217.23,  1010.1085,       18581800,       13517860,       13944332
20160208,       1058,       1089,     1055.5,     1081.5,       1114,     1128.6,     1219.8,  1073.9543,        8527300,       12277940,       13674856
20160205,       1066,     1079.5,     1061.5,     1073.5,     1140.1,    1136.52,    1221.51,  1068.6265,       14514200,       13962760,       13603388
20160204,       1101,       1123,     1095.5,       1110,     1161.4,    1144.56,    1223.16,  1110.4678,       11468900,       16337180,       13296428
20160203,       1144,     1144.5,       1110,       1124,     1159.7,     1150.9,    1224.17,  1121.6469,       14497100,       15556120,       13145388
20160202,       1210,     1210.5,     1176.5,       1181,     1155.5,    1156.08,    1225.41,  1189.2241,       12382200,       14716360,       12761168
20160201,       1210,     1214.5,     1195.5,       1212,     1133.4,    1159.24,    1225.96,  1206.5124,       16951400,       14063900,       12606080
20160129,       1110,       1188,     1101.5,       1180,     1111.8,    1161.22,    1225.66,  1152.6728,       26386300,       12663100,       12232056
20160128,       1107,     1114.5,     1094.5,     1101.5,     1096.4,    1164.02,    1225.56,  1105.4855,        7563600,        9870580,       11731692
20160127,       1100,       1115,       1093,       1103,     1083.3,    1170.24,    1226.48,  1102.4305,       10298300,       10990980,       11992364
20160126,       1090,       1090,       1068,     1070.5,     1075.4,    1177.24,    1227.25,  1074.9397,        9119900,       12242640,       12040144
20160125,       1126,       1129,     1088.5,       1104,     1084.2,    1185.32,    1228.54,  1103.5216,        9947400,       12678280,       12283320
20160122,       1088,     1105.5,     1068.5,       1103,     1083.3,    1189.88,    1229.16,  1087.2413,       12423700,       13539860,       12503224
20160121,       1060,     1086.5,       1035,       1036,     1083.9,    1196.32,    1229.04,  1060.1512,       13165600,       14905720,       12570916
20160120,     1106.5,       1107,     1060.5,     1063.5,     1102.2,    1205.42,    1229.04,  1075.9607,       16556600,       15846980,       12595232
20160119,       1092,     1114.5,       1089,     1114.5,     1120.6,    1212.74,    1229.36,  1105.6081,       11298100,       15047140,       12369180
20160118,       1080,     1105.5,     1074.5,     1099.5,     1121.9,    1218.58,    1229.44,  1091.3257,       14255300,       15429380,       12322044
20160115,       1137,     1153.5,     1092.5,       1106,     1130.3,    1224.84,     1229.6,  1116.2057,       19253000,       15892240,       12104368
20160114,       1132,       1143,       1112,     1127.5,     1139.2,    1231.28,    1230.06,  1121.6428,       17871900,       15343660,       11712332
20160113,       1170,       1170,     1143.5,     1155.5,     1152.7,    1236.66,     1230.6,  1155.8322,       12557400,       14428000,       11547856
20160112,       1138,       1152,       1120,       1121,     1166.6,    1242.24,    1230.62,  1130.6533,       13209300,       14197660,       11413812
20160108,       1132,       1175,       1122,     1141.5,     1189.5,    1248.82,    1230.71,  1147.3572,       16569600,       13924780,       11409608
20160107,     1194.5,     1194.5,     1146.5,     1150.5,     1217.1,    1254.72,    1230.26,  1163.5239,       16510100,       11958980,       11852196
20160106,     1232.5,     1232.5,       1185,       1195,     1241.9,    1261.28,    1229.72,  1202.2058,       13293600,       10025000,       11821912
20160105,     1237.5,       1241,     1218.5,       1225,     1256.6,    1265.88,    1228.72,  1231.0428,       11405700,        8904860,       11653736
20160104,     1268.5,       1272,       1231,     1235.5,     1262.3,    1268.92,    1227.55,  1245.4293,       11844900,        7602040,       11507232